Token,Regex,Source,Classification,CandidateVendorID,CandidateVendorName,MatchingReviewItems,EvidenceVendorCounts,ActiveVendorAliasCandidates,SampleInventoryIDs,Reason
FAUCET,\bFAUCET\b,description-token,AMBIGUOUS,BA0000008,"Waterworks Operating Co., LLC",96,"BA0000008:Waterworks Operating Co., LLC:22; BA0000717:Duravit:8; BA0000005:Hansgrohe:6; BA0014832:Zip Water:2",,07-85449-61660; 07-97400-67866; 1200-5103-10; 1200-5103-15; 220-03/024; 22-7.1.3G-TICV-AB; 22-7.1.3PG2-TICV-AB; 22-9PG4-TIA-PT; 230-01/040; 25-9.3P1-IN14-SN; 3100-06; 3102XT-MBLK,Token FAUCET has multiple plausible vendors from existing StockItem evidence.
BALANCE,\bBALANCE\b,description-token,AMBIGUOUS,BA0000008,"Waterworks Operating Co., LLC",21,"BA0000008:Waterworks Operating Co., LLC:35; BA0000005:Hansgrohe:8",,36900670-99; 36-P80-NM-GM; 4-580/026; 501-22/008; 70-P80-RNK8-GM; F985TKPN; F985TKSB; FLPB30-N; TAA23BK; TAA51BN; TCP44W1ILULB; TMB23W1LMULB,Token BALANCE has multiple plausible vendors from existing StockItem evidence.
HENRY,\bHENRY\b,description-token,BUSINESS_RULE_APPROVAL,BA0000008,"Waterworks Operating Co., LLC",21,"BA0000008:Waterworks Operating Co., LLC:67",,05-24483-70890; 05-68735-43308; 09-75272-27186; CLS311-12DB; CLS314-12BBWA; CNCH12-DB; CNVC11-DB; CTH111-DB; CXT311-18DB; HN2T11-B; HN2T11-BUN; HN3T11-B,"Existing vendor-populated StockItems consistently map HENRY to BA0000008 in 67/67, but the vendor name does not directly contain the token; approve as brand/distributor rule before automation."
METAL,\bMETAL\b,active-vendor-alias,AMBIGUOUS,BA0000008,"Waterworks Operating Co., LLC",19,"BA0000008:Waterworks Operating Co., LLC:35; BA0000760:Watermark:1; BA0000717:Duravit:1",BA0006470:Metal Men Inc.; BA0011602:METAL MORPHIC,22-0.1B-GM; 25-0.1-18DDP-GM; 36-2.2L-NM-GM; 36-HSHK3-GM; 36-P80-NM-GM; 36-T10-NM-GM; 36-WTR-NM-GM; 54611#707; 63361#707; 63506#707; 70-0.1-GM; 70-7.1.3PG2-RNK8V-GM,Token METAL has multiple plausible vendors from existing StockItem evidence.
MODERNE,\bMODERNE\b,description-token,AMBIGUOUS,BA0000749,Standard Plumbing Supply,18,"BA0000749:Standard Plumbing Supply:37; BA0003290:Hajoca Corporation:8; BA0000012:Alno, Inc.:6; BA0011918:Keller Supply Company:3; BA0000750:The Stock Market:1",,K-13690-2MB; K-26300-2MB; K-26369-2MB; K-31364-BGL; K-7213-2MB; K-72414-Y-2MB; K-7394-2MB; K-77967-2MB; K-77974-8-2MB; K-78377-2MB; K-78378-2MB; K-78382-2MB,Token MODERNE has multiple plausible vendors from existing StockItem evidence.
ICONA,\bICONA\b,description-token,BUSINESS_RULE_APPROVAL,BA0010852,"Fantini USA, Inc",18,"BA0010852:Fantini USA, Inc:23",,4400R119AU; 5395R080BU; 5395R107WU; 5395R891BU; 53P6R043U; 53P6R107WU; 53P6R119BU; 53P6R891BU; 53Q7R119BU; 86958147U; 86P68136UC; 8795R700BU,"Existing vendor-populated StockItems consistently map ICONA to BA0010852 in 23/23, but the vendor name does not directly contain the token; approve as brand/distributor rule before automation."
UNLACQUERED,\bUNLACQUERED\b,description-token,AMBIGUOUS,BA0000011,"Emtek Products Group, LLC",16,"BA0000011:Emtek Products Group, LLC:35; BA0000007:Rohl, LLC:15; BA0000643:Baldwin Hardware:14; BA0000649:Classic Brass:5; BA0000670:Kartners Bathroom Accessories:5; BA0000679:Omnia Industries:4",,0127DOFULB; 621249LF-ULBLHP; FV203/J1.0-UPB; FV248.02-UPB; GKIT7545LMULB-2; HLR048-ULB; MB01D1LMULB; T70848-ULB; TCP44W1ILULB; TMB23W1LMULB; V663-B-BG; V702-TLK-BG,Token UNLACQUERED has multiple plausible vendors from existing StockItem evidence.
STREET,\bSTREET\b,active-vendor-alias,AMBIGUOUS,BA0000006,California Faucets,15,BA0000006:California Faucets:45; BA0000700:Water Street Brass:34; BA0000804:Arrow Industries:1,BA0000700:Water Street Brass,5208-SN; 52-18-GRP; 52-9-ANF; 52-RH-ANF; 52-STP-ANF; TO-52-W-BTB; TO-PBL-53-ANF; TO-TH2L-52K-CB; TO-TH2L-53K-ANF; TO-THC1L-52-ANF; TO-THC2L-52-ANF; TO-V5201-7-SBZ,Token STREET has multiple plausible vendors from existing StockItem evidence.
ELONGATED,\bELONGATED\b,description-token,AMBIGUOUS,BA0000749,Standard Plumbing Supply,14,"BA0000749:Standard Plumbing Supply:16; BA0000008:Waterworks Operating Co., LLC:13; BA0000536:Southwest Plumbing Supply:12; BA0000717:Duravit:5; BA0003290:Hajoca Corporation:4; BA0011918:Keller Supply Company:3",,1200E4000; CST446CEMFGN#01; CWT4264726CMFG#MS; K-20197-0; K-28529-NY; K-30754-PA-0; K-44199-0; MW6424736CEFG#01; MW6424736CEFGA#01; MW6463446CEMFGN#01; MW6724736CEFG#01; MW6864726CEFG#01,Token ELONGATED has multiple plausible vendors from existing StockItem evidence.
GRAPHITE,\bGRAPHITE\b,description-token,AMBIGUOUS,BA0000006,California Faucets,13,"BA0000006:California Faucets:35; BA0000784:Miele:22; BA0000643:Baldwin Hardware:9; BA0000750:The Stock Market:8; BA0000712:Forte Brands, LLC:3; BA0000650:Colonial Bronze:2",,DGC7860AMGRG; DGC7880GRG; H7280BPGRG; 2845-GPH; 52-18-GRP; IWW-4-D-GT; K51-103-ST-GRP; K55-101-TG-GRP; SD-DHK-65-GRP; SH-061-30K.18-GRP; TO-PBL-41-GRP; TO-TH2L-39H-GRP,Token GRAPHITE has multiple plausible vendors from existing StockItem evidence.
ONYX,\bONYX\b,description-token,AMBIGUOUS,BA0000727,Graff Faucets Co.,13,"BA0000727:Graff Faucets Co.:35; BA0000714:Delta Faucet Company:10; BA0000722:Franke Kitchen Systems, LLC:5; BA0000751:Stone Forest:3; BA0000734:Julien:2; BA0000708:Barclay Products:1",,63058LF-BLBNX; G-11422-LM57B-OX; G-11500-***-L2**-BOX; G-6710-C17B-BOX; G-6710N-C17B-BOX; G-8047-C17E0-BOX-T; G-8307-BOX; G-8660-BOX; G-9516-BOX; G-9524-BOX; G-9532-BOX; G-9544-BOX,Token ONYX has multiple plausible vendors from existing StockItem evidence.
PLUS,\bPLUS\b,active-vendor-alias,AMBIGUOUS,BA0000770,"Electrolux Consumer Products, Inc.",13,"BA0000770:Electrolux Consumer Products, Inc.:17; BA0000785:MILESTONE DISTRIBUTORS:8; BA0000004:Tri-State Distributors, INC.:8; BA0000784:Miele:5; BA0014832:Zip Water:3; BA0000005:Hansgrohe:2",BA0000070:A-Plus Valet,01046202; 01046205; CWT4264726CMFG#MS; CWT4474547CMFGA#MBL; CWT9538CEMFG#01; IWW-4-D-GT; MW6424736CEFG#01; MW6424736CEFGA#01; MW6463446CEMFGN#01; MW6724736CEFG#01; MW6864726CEFG#01; SW3946#01,Token PLUS has multiple plausible vendors from existing StockItem evidence.
HARMONY,\bHARMONY\b,active-vendor-alias,AMBIGUOUS,BA0000001,BSH Home Appliances,12,"BA0000001:BSH Home Appliances:22; BA0013051:Westover, Inc.:12; BA0000708:Barclay Products:1; BA0014844:BSH Journeys End - 2364031545:1; BA0009404:BSH - 1 2 FREE:1",BA0001954:Harmony Young Design; BA0009899:Harmony Young Design,F924A6PN; F924A6SB; F985TKPN; F985TKSB; FS418SB; TA605PN; TA605SB; TA615PN; TA615SB; TA645PN; TA645SB; TS296PN,Token HARMONY has multiple plausible vendors from existing StockItem evidence.
RANGE,\bRANGE\b,description-token,AMBIGUOUS,BA0000002,Roth Living,12,"BA0000002:Roth Living:27; BA0000784:Miele:24; BA0000804:Arrow Industries:8; BA0000004:Tri-State Distributors, INC.:4; BA0021817:Roth - 2026 UMRP:3; BA0014832:Zip Water:1",,9066983; 9067459; 9071219; AEL361DFSS; DF30450/BK/P/LP; HBN536212SS; HPB4819-12 N; PCFD3670AF; RVIR3304BSS; SEPIH18-242; UVM9125STSS; 01041881,Token RANGE has multiple plausible vendors from existing StockItem evidence.
BIDET,\bBIDET\b,description-token,AMBIGUOUS,BA0000714,Delta Faucet Company,11,"BA0000714:Delta Faucet Company:8; BA0000008:Waterworks Operating Co., LLC:2; BA0003290:Hajoca Corporation:2; BA0000715:Dornbracht GmbH & Co. KG:1; BA0016237:Phylrich:1; BA0000717:Duravit:1",,508; CWT4264726CMFG#MS; CWT4474547CMFGA#MBL; CWT9538CEMFG#01; HNBF01-B; MS7631CEMFG#01; MW6424736CEFG#01; MW6424736CEFGA#01; MW6463446CEMFGN#01; SW3946#01; SW4726#12,Token BIDET has multiple plausible vendors from existing StockItem evidence.
PURIST,\bPURIST\b,description-token,AMBIGUOUS,BA0000749,Standard Plumbing Supply,11,BA0000749:Standard Plumbing Supply:31; BA0000750:The Stock Market:13; BA0000784:Miele:3; BA0011918:Keller Supply Company:3; BA0003290:Hajoca Corporation:1,,K-14427-BN; K-14436-BN; K-22178-SN; K-22181-BN; K-705767-BN; K-7548-4-VS; K-T14414-4-BN; K-T14428-4-BN; K-T14429-4-BN; K-T14501-4-BN; K-T97328-4-BV,Token PURIST has multiple plausible vendors from existing StockItem evidence.
ROMAN,\bROMAN\b,description-token,AMBIGUOUS,BA0000008,"Waterworks Operating Co., LLC",11,"BA0000008:Waterworks Operating Co., LLC:18; BA0000006:California Faucets:13; BA0000743:Newport/Brasstech:4; BA0000005:Hansgrohe:2; BA0000712:Forte Brands, LLC:2; BA0010852:Fantini USA, Inc:2",,5208-SN; 65.62.20-SN; 6508-SN; B3T14B-NDN; DS2T01-B; G-6950-C16B-SG-T; HN2T11-B; HN2T11-BUN; HN3T11-B; SS-508-C; SS-508-H,Token ROMAN has multiple plausible vendors from existing StockItem evidence.
BRITISH,\bBRITISH\b,description-token,BUSINESS_RULE_APPROVAL,BA0010852,"Fantini USA, Inc",11,"BA0010852:Fantini USA, Inc:33",,27P6A713BU; 53P6R043U; 53P6R107WU; 53P6R119BU; 53P6R891BU; 86P68136UC; 87P6R700BU; 93P6H806; 93P6H807; 93P6H808; 93P6H845,"Existing vendor-populated StockItems consistently map BRITISH to BA0010852 in 33/33, but the vendor name does not directly contain the token; approve as brand/distributor rule before automation."
TOUCH,\bTOUCH\b,description-token,BUSINESS_RULE_APPROVAL,BA0000784,Miele,11,BA0000784:Miele:87,,DGC7880CTS; H7880BPCTS; H7640BMAM; CVA7775; DGC7580; DGC7860AMGRG; DGC7880GRG; H7580BP; 103693-N; P22050-00-BN; PTWO04-DB,"Existing vendor-populated StockItems consistently map TOUCH to BA0000784 in 87/87, but the vendor name does not directly contain the token; approve as brand/distributor rule before automation."
PARDEES,\bPARDEES\b,description-token,AMBIGUOUS,BA0000714,Delta Faucet Company,10,BA0000714:Delta Faucet Company:18; BA0000743:Newport/Brasstech:12,,3230-1410-26; 3230-1510-26; 3230-1530-03N; 3230-1530-24A; 3233-15A; 3240-26; 3-3231-03N; 3-3231-30; 3-644-15A; 4-3234BP-15A,Token PARDEES has multiple plausible vendors from existing StockItem evidence.
PFISTER,\bPFISTER\b,active-vendor-alias,BUSINESS_RULE_APPROVAL,BA0015641,Pfister,10,BA0015641:Pfister:86; BA0000676:The Lovell Company:5,BA0015641:Pfister,016-HV0D; BPH-SP0D; BRB-WND; BRH-SP0D; BRH-TB0D; LG15-TB0D; LG49-TB0TLD; LG89-8HVD; R89-1TB0SLD; R89-STB0D,Token PFISTER directly matches an active Acumatica vendor and existing StockItems mostly map it to BA0015641 (86/91); review the minority vendor conflicts before approving automation.
PROFILE,\bPROFILE\b,description-token,BUSINESS_RULE_APPROVAL,BA0000008,"Waterworks Operating Co., LLC",10,"BA0000008:Waterworks Operating Co., LLC:40; BA0000673:Leatherneck Hardware, Inc.:1",,MACP215-SS01B; UVM9125STSS; CEKM10-18BOK; JUKM09-18B; SLGR6596SB; SLTIF6536GM; SLTIF6548SS; UCCL06-N; UCWL08-B; UCWL08-N,"Existing vendor-populated StockItems consistently map PROFILE to BA0000008 in 40/41, but the vendor name does not directly contain the token; approve as brand/distributor rule before automation."
RIVERUN,\bRIVERUN\b,description-token,BUSINESS_RULE_APPROVAL,BA0000008,"Waterworks Operating Co., LLC",10,"BA0000008:Waterworks Operating Co., LLC:36",,07-85449-61660; RRHS01-18DN; RRLS11-12DN; RRPH01-DN; RRRH01-DN; RRTB24-DN; RRTH11-DN; RRTS01-DN; RRVC11-DN; RRXT21-18DN,"Existing vendor-populated StockItems consistently map RIVERUN to BA0000008 in 36/36, but the vendor name does not directly contain the token; approve as brand/distributor rule before automation."
STYLETHERM,\bSTYLETHERM\b,description-token,BUSINESS_RULE_APPROVAL,BA0000006,California Faucets,10,BA0000006:California Faucets:49,,KT02-30K.25-ANF; KT13-77.25-BLKN; TO-TH2L-39H-BBU; TO-TH2L-39H-GRP; TO-TH2L-52K-CB; TO-TH2L-53K-ANF; TO-TH2L-80-SBZ; TO-TH2L-80WR-SN; TO-THC1L-52-ANF; TO-THC2L-52-ANF,"Existing vendor-populated StockItems consistently map STYLETHERM to BA0000006 in 49/49, but the vendor name does not directly contain the token; approve as brand/distributor rule before automation."
MULTI,\bMULTI\b,description-token,AMBIGUOUS,BA0000011,"Emtek Products Group, LLC",9,"BA0000011:Emtek Products Group, LLC:85; BA0000712:Forte Brands, LLC:4; BA0000670:Kartners Bathroom Accessories:1",,2157-15S; 2158-15A; 2158-24A; 280F-24A; 280G-15S; 87435-GL-2.5; 88867-NK; G-8403-SG; V786-A-CTB,Token MULTI has multiple plausible vendors from existing StockItem evidence.
TILE,\bTILE\b,active-vendor-alias,AMBIGUOUS,BA0000714,Delta Faucet Company,9,"BA0000714:Delta Faucet Company:18; BA0000006:California Faucets:11; BA0000715:Dornbracht GmbH & Co. KG:3; BA0000743:Newport/Brasstech:2; BA0000008:Waterworks Operating Co., LLC:1; BA0000750:The Stock Market:1",BA0013154:Tile Outlet & Granite; BA0014723:JH Tile and Stone,DT061411-CZ; FCSTIF6524ORB; FXDTIF6524BK; K-22665-BN; SLTIF6536GM; SLTIF6548SS; TA6548SS; TSR5BK; TSR5SB,Token TILE has multiple plausible vendors from existing StockItem evidence.
DESCANSO,\bDESCANSO\b,description-token,BUSINESS_RULE_APPROVAL,BA0000006,California Faucets,9,BA0000006:California Faucets:81,,3102XT-MBLK; 8002ZB-SBZ; HS-061-30K.25-CB; K30-102-TL-ANF; KT02-30K.25-ANF; SH-061-30K.18-GRP; TO-PBL-30T-ABF; TO-TH2L-80-SBZ; TO-TH2L-80WR-SN,"Existing vendor-populated StockItems consistently map DESCANSO to BA0000006 in 81/81, but the vendor name does not directly contain the token; approve as brand/distributor rule before automation."
BRASSTECH,\bBRASSTECH\b,description-token,AMBIGUOUS,BA0000743,Newport/Brasstech,8,BA0000743:Newport/Brasstech:16; BA0000714:Delta Faucet Company:9,,3013-30; 3213-30; 328-30; 330-15; 330-15A; 403X-03N; 493X-03N; 493X-15,Token BRASSTECH has multiple plausible vendors from existing StockItem evidence.
DISPENSER,\bDISPENSER\b,description-token,AMBIGUOUS,BA0000008,"Waterworks Operating Co., LLC",8,"BA0000008:Waterworks Operating Co., LLC:17; BA0000714:Delta Faucet Company:14; BA0000715:Dornbracht GmbH & Co. KG:13; BA0000743:Newport/Brasstech:8; BA0000784:Miele:3; BA0000005:Hansgrohe:1",,1200-5623-15; 17861625-08; 17881875-99; 17881888-06; 23-9.7C-SBZ; 25-9.5GHC-AB; G-5950C-LM49D-SN; GKIT7545LMULB-2,Token DISPENSER has multiple plausible vendors from existing StockItem evidence.
PREP,\bPREP\b,description-token,AMBIGUOUS,BA0000743,Newport/Brasstech,8,"BA0000743:Newport/Brasstech:16; BA0000714:Delta Faucet Company:12; BA0000759:Waterstone, LLC:10; BA0000006:California Faucets:8; BA0000005:Hansgrohe:2; BA0000008:Waterworks Operating Co., LLC:1",,22-9PG4-TIA-PT; 25-9.3P1-IN14-SN; 36-9.1.3P1-BL1-SBZ; 70-9.3PG2-RNS4-GM; CASK18-WHI; G-5672-LM49J-SN; K51-101SQ-ST-ANF; K55-101-TG-GRP,Token PREP has multiple plausible vendors from existing StockItem evidence.
STRAINER,\bSTRAINER\b,description-token,AMBIGUOUS,BA0000714,Delta Faucet Company,8,"BA0000714:Delta Faucet Company:14; BA0000008:Waterworks Operating Co., LLC:10; BA0000007:Rohl, LLC:9; BA0000733:Jaclo:8; BA0015236:Blanco America Inc.:7; BA0000749:Standard Plumbing Supply:5",,2845-GPH; 735SS; D004DB; HMKS; MT200EV/ORBC; QBSWH; TSR5BK; TSR5SB,Token STRAINER has multiple plausible vendors from existing StockItem evidence.
WASHBASIN,\bWASHBASIN\b,description-token,AMBIGUOUS,BA0001129,GESSI North America,8,"BA0001129:GESSI North America:38; BA0010852:Fantini USA, Inc:21",,27P6A713BU; 5395R107WU; 53P6R107WU; 60060504U; 63506#707; 70002#149; 70088#149; 73651#726,Token WASHBASIN has multiple plausible vendors from existing StockItem evidence.
ADDSTORIS,\bADDSTORIS\b,description-token,BUSINESS_RULE_APPROVAL,BA0000005,Hansgrohe,8,BA0000005:Hansgrohe:21,,41762000; 41762820; 41764000; 41764820; 41767000; 41767820; 41788000; 41788820,"Existing vendor-populated StockItems consistently map ADDSTORIS to BA0000005 in 21/21, but the vendor name does not directly contain the token; approve as brand/distributor rule before automation."
ETOILE,\bETOILE\b,description-token,BUSINESS_RULE_APPROVAL,BA0000008,"Waterworks Operating Co., LLC",8,"BA0000008:Waterworks Operating Co., LLC:20",,ETHS37-25NWH; ETLS42-12B; ETLS50-12N; ETLS62-12N; ETTH26-N; ETVC70-N; ETXS58-25CWH; ETXT60-25N,"Existing vendor-populated StockItems consistently map ETOILE to BA0000008 in 20/20, but the vendor name does not directly contain the token; approve as brand/distributor rule before automation."
FLYTE,\bFLYTE\b,description-token,BUSINESS_RULE_APPROVAL,BA0000008,"Waterworks Operating Co., LLC",8,"BA0000008:Waterworks Operating Co., LLC:54",,FLLS01-12N; FLLS50-12N; FLPB30-N; FLPH01-N; FLRH01-N; FLTB24-N; FLTS80-N; FLTS90-N,"Existing vendor-populated StockItems consistently map FLYTE to BA0000008 in 54/54, but the vendor name does not directly contain the token; approve as brand/distributor rule before automation."
TARA,\bTARA\b,active-vendor-alias,BUSINESS_RULE_APPROVAL,BA0000715,Dornbracht GmbH & Co. KG,8,BA0000715:Dornbracht GmbH & Co. KG:62; BA0000708:Barclay Products:1,BA0007644:Tara Bella,17881875-99; 17881888-06; 25133882-99; 33805888-060010; 33870888-060010; 36200892-080010; 36310882-99; 36707882-190010,"Existing vendor-populated StockItems consistently map TARA to BA0000715 in 62/63, but the vendor name does not directly contain the token; approve as brand/distributor rule before automation."
THREE,\bTHREE\b,description-token,BUSINESS_RULE_APPROVAL,BA0000008,"Waterworks Operating Co., LLC",8,"BA0000008:Waterworks Operating Co., LLC:37",,20705782-060010; 36707882-190010; 5395R107WU; 53P6R107WU; 60060504U; B3T14B-NDN; CT2214-03-CHL; HN3T11-B,"Existing vendor-populated StockItems consistently map THREE to BA0000008 in 37/37, but the vendor name does not directly contain the token; approve as brand/distributor rule before automation."
TOTH,^TOTH,inventory-prefix,NO_MATCH,,,8,,,TO-TH2L-39H-BBU; TO-TH2L-39H-GRP; TO-TH2L-52K-CB; TO-TH2L-53K-ANF; TO-TH2L-80-SBZ; TO-TH2L-80WR-SN; TO-THC1L-52-ANF; TO-THC2L-52-ANF,No active vendor alias or consistent existing StockItem vendor evidence matched TOTH.
ANTHRACITE,\bANTHRACITE\b,description-token,AMBIGUOUS,BA0015236,Blanco America Inc.,7,BA0015236:Blanco America Inc.:9; BA0000749:Standard Plumbing Supply:4; BA0000717:Duravit:2,,N7691K-ANT; N7698K-6-ANT; V702-TLL-ANT; V770A-KITK-ANT; V7K36LL-ANT; V7KA15LL-ANT; V7KA20S-2LK-RH-ANT,Token ANTHRACITE has multiple plausible vendors from existing StockItem evidence.
BATHTUB,\bBATHTUB\b,description-token,AMBIGUOUS,BA0000008,"Waterworks Operating Co., LLC",7,"BA0000008:Waterworks Operating Co., LLC:13; BA0000007:Rohl, LLC:11; BA0000711:Cheviot Products Inc.:9; BA0000717:Duravit:7; BA0000730:Hydro Systems Inc.:5; BA0023232:Casale Luxury Homewares Inc:2",,C46-68DCL; CBBT01-WHI; MIBT70-WHIL; MIBT70-WHIW; SNBT67-WHI; TUB04-G; TUB22-M,Token BATHTUB has multiple plausible vendors from existing StockItem evidence.
COLD,\bCOLD\b,description-token,AMBIGUOUS,BA0000759,"Waterstone, LLC",7,"BA0000759:Waterstone, LLC:29; BA0000008:Waterworks Operating Co., LLC:9; BA0000714:Delta Faucet Company:7; BA0000743:Newport/Brasstech:4; BA0000005:Hansgrohe:1",,1200-5623-15; 17861625-08; 17881875-99; 17881888-06; 3-644-15A; G-5950C-LM49D-SN; SS-508-C,Token COLD has multiple plausible vendors from existing StockItem evidence.
DECO,\bDECO\b,description-token,AMBIGUOUS,BA0000011,"Emtek Products Group, LLC",7,"BA0000011:Emtek Products Group, LLC:16; BA0010852:Fantini USA, Inc:9; BA0000678:Nostalgic Warehouse:2",,4400R119AU; 5395R107WU; 5395R891BU; 53P6R107WU; 53P6R119BU; 53P6R891BU; 53Q7R119BU,Token DECO has multiple plausible vendors from existing StockItem evidence.
FOUNDATIONS,\bFOUNDATIONS\b,description-token,AMBIGUOUS,BA0000749,Standard Plumbing Supply,7,BA0000749:Standard Plumbing Supply:11; BA0011918:Keller Supply Company:3,,P21522-00-BN; P21652-00-BN; P22050-00-BN; P22078-H-BN; P24843-00-BN; P25656-00-BN; P26139-00-BN,Token FOUNDATIONS has multiple plausible vendors from existing StockItem evidence.
KNURLED,\bKNURLED\b,description-token,AMBIGUOUS,BA0000006,California Faucets,7,"BA0000006:California Faucets:33; BA0000011:Emtek Products Group, LLC:17; BA0016237:Phylrich:4",,371-12-10/047; 371-74/047; 371-75/047; 371-76/047; 4-623/047; HS-061-30K.25-CB; SH-061-30K.18-GRP,Token KNURLED has multiple plausible vendors from existing StockItem evidence.
OVEN,\bOVEN\b,description-token,AMBIGUOUS,BA0000784,Miele,7,BA0000784:Miele:71; BA0000002:Roth Living:4; BA0000001:BSH Home Appliances:1; BA0008179:EARTHSTONE OVENS:1; BA0000805:Great Plains Appliance Parts:1,,H7880BPCTS; H7640BMAM; H7280BPGRG; H7580BP; MVMSP6301SS; MVSOE6301SS; UVM9125STSS,Token OVEN has multiple plausible vendors from existing StockItem evidence.
SWITCH,\bSWITCH\b,description-token,AMBIGUOUS,BA0000743,Newport/Brasstech,7,"BA0000743:Newport/Brasstech:19; BA0000714:Delta Faucet Company:17; BA0000759:Waterstone, LLC:12; BA0000715:Dornbracht GmbH & Co. KG:9; BA0000733:Jaclo:3; BA0001129:GESSI North America:2",,G-9946-SG-T; G-9947-SN-T; K-35723-VS; MT951BOX; STS-OO(DUALOUTLET); UNAS02-DN; UNAS02-MN,Token SWITCH has multiple plausible vendors from existing StockItem evidence.
TITANIUM,\bTITANIUM\b,description-token,AMBIGUOUS,BA0000760,Watermark,7,"BA0000760:Watermark:25; BA0000749:Standard Plumbing Supply:13; BA0000770:Electrolux Consumer Products, Inc.:4; BA0000750:The Stock Market:3; BA0000670:Kartners Bathroom Accessories:2; BA0000736:Lacava LLC:2",,22-0.1B-AB; 22-0.1B-GM; 22-7.1.3GA-TICV-AB; 22-7.1.3G-TICV-AB; 22-7.1.3PG2-TICV-AB; 22-9PG4-TIA-PT; 22-HSPB2-AB,Token TITANIUM has multiple plausible vendors from existing StockItem evidence.
CHRONOS,\bCHRONOS\b,description-token,BUSINESS_RULE_APPROVAL,BA0000008,"Waterworks Operating Co., LLC",7,"BA0000008:Waterworks Operating Co., LLC:84",,05-24483-70890; CLS311-12DB; CLS314-12BBWA; CNCH12-DB; CNVC11-DB; CTH111-DB; CXT311-18DB,"Existing vendor-populated StockItems consistently map CHRONOS to BA0000008 in 84/84, but the vendor name does not directly contain the token; approve as brand/distributor rule before automation."
DASH,\bDASH\b,active-vendor-alias,BUSINESS_RULE_APPROVAL,BA0000008,"Waterworks Operating Co., LLC",7,"BA0000008:Waterworks Operating Co., LLC:21; BA0016237:Phylrich:1",BA0006771:DOOR DASH,07-97400-67866; DS2T01-B; DSLS01-12B; DSPH01-B; DSTH01-B; DSXT20-18B; DSXT40-18B,"Existing vendor-populated StockItems consistently map DASH to BA0000008 in 21/22, but the vendor name does not directly contain the token; approve as brand/distributor rule before automation."
HENRY CHRONOS,\bHENRY[\\s-]+CHRONOS\b,description-token,BUSINESS_RULE_APPROVAL,BA0000008,"Waterworks Operating Co., LLC",7,"BA0000008:Waterworks Operating Co., LLC:84",,05-24483-70890; CLS311-12DB; CLS314-12BBWA; CNCH12-DB; CNVC11-DB; CTH111-DB; CXT311-18DB,"Existing vendor-populated StockItems consistently map HENRY CHRONOS to BA0000008 in 84/84, but the vendor name does not directly contain the token; approve as brand/distributor rule before automation."
ICONA DECO,\bICONA[\\s-]+DECO\b,description-token,BUSINESS_RULE_APPROVAL,BA0010852,"Fantini USA, Inc",7,"BA0010852:Fantini USA, Inc:9",,4400R119AU; 5395R107WU; 5395R891BU; 53P6R107WU; 53P6R119BU; 53P6R891BU; 53Q7R119BU,"Existing vendor-populated StockItems consistently map ICONA DECO to BA0010852 in 9/9, but the vendor name does not directly contain the token; approve as brand/distributor rule before automation."
WORKS,\bWORKS\b,description-token,NO_MATCH,,,7,,,220-03/024; 220-35/026; 3-622/026; 4-580/026; 8002ZB-SBZ; TO-TH2L-80-SBZ; TO-TH2L-80WR-SN,No active vendor alias or consistent existing StockItem vendor evidence matched WORKS.
AIR SWITCH,\bAIR[\\s-]+SWITCH\b,description-token,AMBIGUOUS,BA0000759,"Waterstone, LLC",6,"BA0000759:Waterstone, LLC:41; BA0000714:Delta Faucet Company:11; BA0000715:Dornbracht GmbH & Co. KG:9; BA0000733:Jaclo:2; BA0001129:GESSI North America:2; BA0015236:Blanco America Inc.:2",,G-9946-SG-T; G-9947-SN-T; K-35723-VS; MT951BOX; UNAS02-DN; UNAS02-MN,Token AIR SWITCH has multiple plausible vendors from existing StockItem evidence.
ASTOR,\bASTOR\b,description-token,AMBIGUOUS,BA0000714,Delta Faucet Company,6,BA0000714:Delta Faucet Company:14; BA0000664:Hamilton Sinkler:3; BA0000743:Newport/Brasstech:2; BA0000733:Jaclo:1,,2-144-15S; 3-923TR-15S; 890-1250-15S; 890-1410-15S; 890-1510-15S; 890-1660-15S,Token ASTOR has multiple plausible vendors from existing StockItem evidence.
BEAUCLERE,\bBEAUCLERE\b,description-token,AMBIGUOUS,BA0000714,Delta Faucet Company,6,BA0000714:Delta Faucet Company:57; BA0000677:Mountain West Marketing:10,,693465-PG; 694765-PG; 695065-PG; HL5865-PG; HL7065-PG; T70165-PGLHP,Token BEAUCLERE has multiple plausible vendors from existing StockItem evidence.
CASTIA,\bCASTIA\b,description-token,AMBIGUOUS,BA0000749,Standard Plumbing Supply,6,BA0000749:Standard Plumbing Supply:18; BA0003290:Hajoca Corporation:6; BA0011918:Keller Supply Company:3; BA0000750:The Stock Market:1,,K-35908-4K-SN; K-35926-BN; K-35927-BN; K-35929-BN; K-T35909-3-BN; K-TS35916-4Y-SN,Token CASTIA has multiple plausible vendors from existing StockItem evidence.
CITY,\bCITY\b,active-vendor-alias,AMBIGUOUS,BA0000686,Schaub & Company,6,BA0000686:Schaub & Company:2,BA0000039:City of Ketchum; BA0000165:City of South Salt Lake,T2020-A-2CTL-CTB; T20KA790-A-CTB; V702-TLK-CTB; V770A-KITK-CTB; V786-A-CTB; V7KALL17S-3LK-CTB,Token CITY has multiple plausible vendors from active vendor aliases.
GLASS,\bGLASS\b,description-token,AMBIGUOUS,BA0000760,Watermark,6,"BA0000760:Watermark:20; BA0000008:Waterworks Operating Co., LLC:17; BA0000670:Kartners Bathroom Accessories:10; BA0000784:Miele:9; BA0000753:Atmos Project LLC DBA Mr. Steam:5; BA0000686:Schaub & Company:4",,FBUI5242G; PDPUG524SS; TXI680WPECO&STEAM; 25-0.1-18DDP-GM; LD45G2-N; LD65G2-N,Token GLASS has multiple plausible vendors from existing StockItem evidence.
HIGH,\bHIGH\b,active-vendor-alias,AMBIGUOUS,BA0000008,"Waterworks Operating Co., LLC",6,"BA0000008:Waterworks Operating Co., LLC:10; BA0000717:Duravit:7; BA0000780:Luwa Distributing:1",BA0000286:HIGH MARK MECHANICAL; BA0012991:High Country Linen,31-7.3PG2-BKA1-APB; CEKM10-18BOK; JUKM09-18B; K50-100-FB-ANF; K51-100SQ-ST-SBZ; K55-100SQ-TG-USS,Token HIGH has multiple plausible vendors from existing StockItem evidence.
MCGEE,\bMCGEE\b,description-token,AMBIGUOUS,BA0000749,Standard Plumbing Supply,6,BA0000749:Standard Plumbing Supply:25; BA0003290:Hajoca Corporation:6; BA0011918:Keller Supply Company:5; BA0000750:The Stock Market:1,,K-35908-4K-SN; K-35926-BN; K-35927-BN; K-35929-BN; K-T35909-3-BN; K-TS35916-4Y-SN,Token MCGEE has multiple plausible vendors from existing StockItem evidence.
POST,\bPOST\b,description-token,AMBIGUOUS,BA0000006,California Faucets,6,"BA0000006:California Faucets:22; BA0000011:Emtek Products Group, LLC:20; BA0016237:Phylrich:16; BA0000670:Kartners Bathroom Accessories:5; BA0000650:Colonial Bronze:3; BA0000743:Newport/Brasstech:1",,3230-1530-03N; 3230-1530-24A; 37-STP-PC; 52-STP-ANF; 87-STP-PN; DB55/040,Token POST has multiple plausible vendors from existing StockItem evidence.
SLIDE,\bSLIDE\b,description-token,AMBIGUOUS,BA0000007,"Rohl, LLC",6,"BA0000007:Rohl, LLC:14; BA0000743:Newport/Brasstech:12; BA0000673:Leatherneck Hardware, Inc.:7; BA0000714:Delta Faucet Company:7; BA0000715:Dornbracht GmbH & Co. KG:2; BA0000643:Baldwin Hardware:1",,2050; 280F-24A; 4664BK-WS; 86958145; G-8660-BOX; KT13-77.25-BLKN,Token SLIDE has multiple plausible vendors from existing StockItem evidence.
SOLID,\bSOLID\b,active-vendor-alias,AMBIGUOUS,BA0000011,"Emtek Products Group, LLC",6,"BA0000011:Emtek Products Group, LLC:20; BA0000002:Roth Living:15; BA0000653:Deltana Enterprises, Inc.:10; BA0000686:Schaub & Company:10; BA0000785:MILESTONE DISTRIBUTORS:5; BA0000670:Kartners Bathroom Accessories:4",BA0004837:Solid Waste Management,HA15CU-W; HP15CU-W; MACP215-SS01B; TUR24RSSC; TUB04-G; TUB22-M,Token SOLID has multiple plausible vendors from existing StockItem evidence.
STUDIO,\bSTUDIO\b,active-vendor-alias,AMBIGUOUS,BA0000749,Standard Plumbing Supply,6,"BA0000749:Standard Plumbing Supply:24; BA0010334:Nest Studio LLC:23; BA0003290:Hajoca Corporation:6; BA0000008:Waterworks Operating Co., LLC:5; BA0000779:LG Electronics U.S.A., Inc.:5; BA0011918:Keller Supply Company:5",BA0000752:Studio IL Bagno,K-35908-4K-SN; K-35926-BN; K-35927-BN; K-35929-BN; K-T35909-3-BN; K-TS35916-4Y-SN,Token STUDIO has multiple plausible vendors from existing StockItem evidence.
STUDIO MCGEE,\bSTUDIO[\\s-]+MCGEE\b,description-token,AMBIGUOUS,BA0000749,Standard Plumbing Supply,6,BA0000749:Standard Plumbing Supply:25; BA0003290:Hajoca Corporation:6; BA0011918:Keller Supply Company:5; BA0000750:The Stock Market:1,,K-35908-4K-SN; K-35926-BN; K-35927-BN; K-35929-BN; K-T35909-3-BN; K-TS35916-4Y-SN,Token STUDIO MCGEE has multiple plausible vendors from existing StockItem evidence.
TANK,\bTANK\b,description-token,AMBIGUOUS,BA0000733,Jaclo,6,"BA0000733:Jaclo:23; BA0000714:Delta Faucet Company:15; BA0000743:Newport/Brasstech:7; BA0000759:Waterstone, LLC:3; BA0005336:EVO America:2; BA0000725:Geberit:2",,9458-SG; CWT4264726CMFG#MS; CWT4474547CMFGA#MBL; GKIT7545LMULB-2; K-44468-0; ST472EA#12,Token TANK has multiple plausible vendors from existing StockItem evidence.
WORKSTATION,\bWORKSTATION\b,description-token,AMBIGUOUS,BA0000724,The Galley,6,"BA0000724:The Galley:29; BA0000749:Standard Plumbing Supply:7; BA0000007:Rohl, LLC:6; BA0008642:BOCCHI - Sanikey USA Inc.:4; BA0015236:Blanco America Inc.:4; BA0000714:Delta Faucet Company:4",,CPKG272; HSU3219SBGG; IWW-4-D-GT; K-23651-NA; K-37907-PAP-NA; KWU110-32,Token WORKSTATION has multiple plausible vendors from existing StockItem evidence.
LUDLOW,\bLUDLOW\b,description-token,BUSINESS_RULE_APPROVAL,BA0000008,"Waterworks Operating Co., LLC",6,"BA0000008:Waterworks Operating Co., LLC:56",,09-05246-85637; LD45G2-N; LD65G2-N; LDTH32-B; LDTH32-N; LDTS80-N,"Existing vendor-populated StockItems consistently map LUDLOW to BA0000008 in 56/56, but the vendor name does not directly contain the token; approve as brand/distributor rule before automation."
SIZABLE,\bSIZABLE\b,description-token,BUSINESS_RULE_APPROVAL,BA0000731,Infinity Drain,6,BA0000731:Infinity Drain:29,,SLGR6596SB; SLTIF6536GM; SLTIF6548SS; S-SLOTAS60SS; STCH38; STOTGM,"Existing vendor-populated StockItems consistently map SIZABLE to BA0000731 in 29/29, but the vendor name does not directly contain the token; approve as brand/distributor rule before automation."
TERRA,\bTERRA\b,description-token,BUSINESS_RULE_APPROVAL,BA0000006,California Faucets,6,BA0000006:California Faucets:67,,4502A-BTB; G-6710-C17B-BOX; G-6710N-C17B-BOX; G-8047-C17E0-BOX-T; S50X113FR-BOX-T; TO-52-W-BTB,"Existing vendor-populated StockItems consistently map TERRA to BA0000006 in 67/67, but the vendor name does not directly contain the token; approve as brand/distributor rule before automation."
4176,^4176,inventory-prefix,NO_MATCH,,,6,,,41762000; 41762820; 41764000; 41764820; 41767000; 41767820,No active vendor alias or consistent existing StockItem vendor evidence matched 4176.
FORME,\bFORME\b,description-token,NO_MATCH,,,6,BA0013229:Earth Elements LLC:2,,T2002-TCBA-OBM; T2020-A-2CTL-CTB; T2020-AIS-XX; T2070A-KIT-OBM; T20KA17-2CBA-OBM; T20KA790-A-CTB,No active vendor alias or consistent existing StockItem vendor evidence matched FORME.
TOPB,^TOPB,inventory-prefix,NO_MATCH,,,6,,,TO-PB2L-E3-ANF; TO-PBL-30T-ABF; TO-PBL-37-ANF; TO-PBL-41-GRP; TO-PBL-41-SBZ; TO-PBL-53-ANF,No active vendor alias or consistent existing StockItem vendor evidence matched TOPB.
TOTH2,^TOTH2,inventory-prefix,NO_MATCH,,,6,,,TO-TH2L-39H-BBU; TO-TH2L-39H-GRP; TO-TH2L-52K-CB; TO-TH2L-53K-ANF; TO-TH2L-80-SBZ; TO-TH2L-80WR-SN,No active vendor alias or consistent existing StockItem vendor evidence matched TOTH2.
0104,^0104,inventory-prefix,AMBIGUOUS,BA0014832,Zip Water,5,"BA0014832:Zip Water:3; BA0000008:Waterworks Operating Co., LLC:1",,01041881; 01043466; 01046202; 01046205; 01048498,Token 0104 has multiple plausible vendors from existing StockItem evidence.
1200,^1200,inventory-prefix,AMBIGUOUS,BA0000743,Newport/Brasstech,5,"BA0000743:Newport/Brasstech:8; BA0000759:Waterstone, LLC:7; BA0000649:Classic Brass:5; BA0000714:Delta Faucet Company:3; BA0000686:Schaub & Company:3; BA0000670:Kartners Bathroom Accessories:1",,1200-5103-10; 1200-5103-15; 1200-5503-15; 1200-5623-15; 1200E4000,Token 1200 has multiple plausible vendors from existing StockItem evidence.
BRIDGE,\bBRIDGE\b,description-token,AMBIGUOUS,BA0000714,Delta Faucet Company,5,"BA0000714:Delta Faucet Company:16; BA0000008:Waterworks Operating Co., LLC:13; BA0000743:Newport/Brasstech:8; BA0000760:Watermark:8; BA0000715:Dornbracht GmbH & Co. KG:1; BA0000759:Waterstone, LLC:1",,621249LF-ULBLHP; EAKM33-18BWH; HLR048-ULB; K-7548-4-VS; U.SB58D3LMEB,Token BRIDGE has multiple plausible vendors from existing StockItem evidence.
BUILT,\bBUILT\b,description-token,AMBIGUOUS,BA0000760,Watermark,5,"BA0000760:Watermark:32; BA0000784:Miele:21; BA0000004:Tri-State Distributors, INC.:7; BA0000002:Roth Living:6; BA0001129:GESSI North America:4; BA0016237:Phylrich:4",,HBN536212SS; L701R-NG; RAC00CPAAAA/DA; 31-T20-BK-UPB; T39EL/4AP-19,Token BUILT has multiple plausible vendors from existing StockItem evidence.
CLOSE,\bCLOSE\b,description-token,AMBIGUOUS,BA0016237,Phylrich,5,"BA0016237:Phylrich:14; BA0000663:Hafele:9; BA0000717:Duravit:6; BA0000008:Waterworks Operating Co., LLC:6; BA0000673:Leatherneck Hardware, Inc.:1; BA0000682:Richelieu Hardware LTD:1",,1200E4000; 3-517/015; 3-517/047; 3-545/047; CPVMRTF-BA,Token CLOSE has multiple plausible vendors from existing StockItem evidence.
CONCRETE,\bCONCRETE\b,description-token,AMBIGUOUS,BA0000736,Lacava LLC,5,BA0000736:Lacava LLC:15; BA0000741:Native Trails:4; BA0000738:Link A Sink:3; BA0011918:Keller Supply Company:1; BA0000717:Duravit:1; BA0000677:Mountain West Marketing:1,,CT2214-00-GAL; CT2214-00-SLT; CT2214-03-CHL; CT36T-01-FOR; FD.C4-ASH,Token CONCRETE has multiple plausible vendors from existing StockItem evidence.
GRAB,\bGRAB\b,description-token,AMBIGUOUS,BA0000714,Delta Faucet Company,5,"BA0000714:Delta Faucet Company:18; BA0000670:Kartners Bathroom Accessories:12; BA0000743:Newport/Brasstech:10; BA0000733:Jaclo:5; BA0000008:Waterworks Operating Co., LLC:4; BA0003290:Hajoca Corporation:3",,EGB218-N; G-9516-BOX; G-9524-BOX; G-9532-BOX; G-9544-BOX,Token GRAB has multiple plausible vendors from existing StockItem evidence.
MEDIUM,\bMEDIUM\b,description-token,AMBIGUOUS,BA0000011,"Emtek Products Group, LLC",5,"BA0000011:Emtek Products Group, LLC:60; BA0000712:Forte Brands, LLC:6; BA0000009:Rocky Mountain Hardware, Inc.:4; BA0000006:California Faucets:4; BA0000641:Ashley Norton Inc.:2; BA0000643:Baldwin Hardware:1",,WM.CL.880.20; WM.CL.880.30; WM.CVTUB.880.50; 443146; V7KA15LL-ANT,Token MEDIUM has multiple plausible vendors from existing StockItem evidence.
OPEN,\bOPEN\b,description-token,AMBIGUOUS,BA0000743,Newport/Brasstech,5,"BA0000743:Newport/Brasstech:26; BA0000714:Delta Faucet Company:9; BA0000005:Hansgrohe:4; BA0010852:Fantini USA, Inc:4; BA0000663:Hafele:3; BA0000008:Waterworks Operating Co., LLC:2",,GW483720; 2540-1570-52; 2540-1570-56; 3230-1510-26; GUVC17-UF,Token OPEN has multiple plausible vendors from existing StockItem evidence.
OVAL,\bOVAL\b,description-token,AMBIGUOUS,BA0000649,Classic Brass,5,"BA0000649:Classic Brass:31; BA0000008:Waterworks Operating Co., LLC:23; BA0000011:Emtek Products Group, LLC:10; BA0000682:Richelieu Hardware LTD:7; BA0000686:Schaub & Company:4; BA0004629:Armac Martin:2",,B016AB; BCH3OF00T-01; CBBT01-WHI; CYLV12-WHIO; SNBT67-WHI,Token OVAL has multiple plausible vendors from existing StockItem evidence.
PFISTER TISBURY,\bPFISTER[\\s-]+TISBURY\b,description-token,AMBIGUOUS,BA0015641,Pfister,5,BA0015641:Pfister:6; BA0000676:The Lovell Company:1,,BRH-TB0D; LG15-TB0D; LG49-TB0TLD; R89-1TB0SLD; R89-STB0D,Token PFISTER TISBURY has multiple plausible vendors from existing StockItem evidence.
RAIL,\bRAIL\b,description-token,AMBIGUOUS,BA0001129,GESSI North America,5,"BA0001129:GESSI North America:22; BA0000008:Waterworks Operating Co., LLC:8; BA0000712:Forte Brands, LLC:5; BA0000670:Kartners Bathroom Accessories:3; BA0000010:Top Knobs:2; BA0000650:Colonial Bronze:1",,66504#149; N7767K-URM; T2070A-KIT-OBM; V770A-KITK-ANT; V770A-KITK-CTB,Token RAIL has multiple plausible vendors from existing StockItem evidence.
STANDING,\bSTANDING\b,description-token,AMBIGUOUS,BA0000711,Cheviot Products Inc.,5,"BA0000711:Cheviot Products Inc.:8; BA0000760:Watermark:6; BA0000743:Newport/Brasstech:4; BA0015641:Pfister:2; BA0000714:Delta Faucet Company:2; BA0000008:Waterworks Operating Co., LLC:1",,1400-4261-24A; 25-8.8-IN16-AB; FSB6533-MW; TUB04-G; TUB22-M,Token STANDING has multiple plausible vendors from existing StockItem evidence.
SUPPLY,\bSUPPLY\b,active-vendor-alias,AMBIGUOUS,BA0000733,Jaclo,5,"BA0000733:Jaclo:19; BA0000008:Waterworks Operating Co., LLC:15; BA0000743:Newport/Brasstech:12; BA0000714:Delta Faucet Company:4; BA0000804:Arrow Industries:3; BA0000711:Cheviot Products Inc.:2",BA0000194:D&B Supply,493X-03N; 493X-15; K-35851-NA; K-98354-2MB; P21652-00-BN,Token SUPPLY has multiple plausible vendors from existing StockItem evidence.
TISBURY,\bTISBURY\b,description-token,AMBIGUOUS,BA0015641,Pfister,5,BA0015641:Pfister:6; BA0000676:The Lovell Company:1,,BRH-TB0D; LG15-TB0D; LG49-TB0TLD; R89-1TB0SLD; R89-STB0D,Token TISBURY has multiple plausible vendors from existing StockItem evidence.
TRIP,\bTRIP\b,description-token,AMBIGUOUS,BA0000733,Jaclo,5,BA0000733:Jaclo:23; BA0000714:Delta Faucet Company:2; BA0000006:California Faucets:1,,738903-2950A; 9458-SG; K-21710-R-BN; K-9379-2MB; THU886#01-A,Token TRIP has multiple plausible vendors from existing StockItem evidence.
URBANE,\bURBANE\b,description-token,AMBIGUOUS,BA0000760,Watermark,5,"BA0000760:Watermark:17; BA0006514:Belwith Products, LLC:2",,25-0.1-18DDP-GM; 25-7.8-IN14-AB; 25-8.8-IN16-AB; 25-9.3P1-IN14-SN; 25-9.5GHC-AB,Token URBANE has multiple plausible vendors from existing StockItem evidence.
V7KA,^V7KA,inventory-prefix,AMBIGUOUS,BA0011918,Keller Supply Company,5,BA0011918:Keller Supply Company:9; BA0013229:Earth Elements LLC:3,,V7KA15LL-ANT; V7KA20S-2LK-RH-ANT; V7KA620-A-BG; V7KALL17-3LL-BG; V7KALL17S-3LK-CTB,Token V7KA has multiple plausible vendors from existing StockItem evidence.
BOND,\bBOND\b,description-token,BUSINESS_RULE_APPROVAL,BA0000008,"Waterworks Operating Co., LLC",5,"BA0000008:Waterworks Operating Co., LLC:53",,B3T14B-NDN; BNWL06-DN; BTB010-VTB; BTS001-N; BVC14A-N,"Existing vendor-populated StockItems consistently map BOND to BA0000008 in 53/53, but the vendor name does not directly contain the token; approve as brand/distributor rule before automation."
OPERA,\bOPERA\b,description-token,BUSINESS_RULE_APPROVAL,BA0013051,"Westover, Inc.",5,"BA0013051:Westover, Inc.:19",,FS410BK; FS410SB; FS428BK; PS120BK; PS120NSB,"Existing vendor-populated StockItems consistently map OPERA to BA0013051 in 19/19, but the vendor name does not directly contain the token; approve as brand/distributor rule before automation."
RAINEY,\bRAINEY\b,description-token,BUSINESS_RULE_APPROVAL,BA0000760,Watermark,5,BA0000760:Watermark:63,,70-0.1-GM; 70-7.1.3PG2-RNK8V-GM; 70-7.1.3PG2-RNS4V-GM; 70-9.3PG2-RNS4-GM; 70-P80-RNK8-GM,"Existing vendor-populated StockItems consistently map RAINEY to BA0000760 in 63/63, but the vendor name does not directly contain the token; approve as brand/distributor rule before automation."
TIBURON,\bTIBURON\b,description-token,BUSINESS_RULE_APPROVAL,BA0000006,California Faucets,5,BA0000006:California Faucets:89,,65.62.20-SN; 6508-SN; SD-DHK-65-BBU; SD-DHK-65-GRP; SH-061-65.25-ANF,"Existing vendor-populated StockItems consistently map TIBURON to BA0000006 in 89/89, but the vendor name does not directly contain the token; approve as brand/distributor rule before automation."
VITROLINE,\bVITROLINE\b,description-token,BUSINESS_RULE_APPROVAL,BA0000784,Miele,5,BA0000784:Miele:34,,DGC7880CTS; H7880BPCTS; DGC7860AMGRG; DGC7880GRG; H7280BPGRG,"Existing vendor-populated StockItems consistently map VITROLINE to BA0000784 in 34/34, but the vendor name does not directly contain the token; approve as brand/distributor rule before automation."
TOPBL,^TOPBL,inventory-prefix,NO_MATCH,,,5,,,TO-PBL-30T-ABF; TO-PBL-37-ANF; TO-PBL-41-GRP; TO-PBL-41-SBZ; TO-PBL-53-ANF,No active vendor alias or consistent existing StockItem vendor evidence matched TOPBL.
TOV,^TOV,inventory-prefix,NO_MATCH,,,5,,,TO-V3902H-9-GRP; TO-V5201-7-SBZ; TO-V5202-9-ANF; TO-V5302-9-ANF; TO-V5302K-9-ANF,No active vendor alias or consistent existing StockItem vendor evidence matched TOV.
3230,^3230,inventory-prefix,AMBIGUOUS,BA0000743,Newport/Brasstech,4,BA0000743:Newport/Brasstech:20; BA0000714:Delta Faucet Company:18,,3230-1410-26; 3230-1510-26; 3230-1530-03N; 3230-1530-24A,Token 3230 has multiple plausible vendors from existing StockItem evidence.
BASIN,\bBASIN\b,description-token,AMBIGUOUS,BA0000712,"Forte Brands, LLC",4,"BA0000712:Forte Brands, LLC:16; BA0000715:Dornbracht GmbH & Co. KG:14; BA0000708:Barclay Products:4; BA0000717:Duravit:2; BA0010096:Alore Design Inc.:2; BA0000734:Julien:1",,FD.C4-ASH; V7KA15LL-ANT; V7KA20S-2LK-RH-ANT; V7KALL17S-3LK-CTB,Token BASIN has multiple plausible vendors from existing StockItem evidence.
BOILING,\bBOILING\b,description-token,AMBIGUOUS,BA0014832,Zip Water,4,"BA0014832:Zip Water:3; BA0000785:MILESTONE DISTRIBUTORS:2; BA0000779:LG Electronics U.S.A., Inc.:1",,01043466; 01046202; 01046205; 01048498,Token BOILING has multiple plausible vendors from existing StockItem evidence.
BRACKET,\bBRACKET\b,description-token,AMBIGUOUS,BA0000727,Graff Faucets Co.,4,BA0000727:Graff Faucets Co.:7; BA0000715:Dornbracht GmbH & Co. KG:6; BA0000748:Santec:5; BA0000006:California Faucets:3; BA0000663:Hafele:3; BA0000733:Jaclo:2,,27812970-060010; 28060970-99; G-8719-SG; P21652-00-BN,Token BRACKET has multiple plausible vendors from existing StockItem evidence.
CHILLED,\bCHILLED\b,description-token,AMBIGUOUS,BA0014832,Zip Water,4,BA0014832:Zip Water:8; BA0000536:Southwest Plumbing Supply:3; BA0000277:HAMMERTON:2; BA0000785:MILESTONE DISTRIBUTORS:2; BA0000750:The Stock Market:1,,01043466; 01046202; 01046205; 01048498,Token CHILLED has multiple plausible vendors from existing StockItem evidence.
CHILLED SPARKLING,\bCHILLED[\\s-]+SPARKLING\b,description-token,AMBIGUOUS,BA0000750,The Stock Market,4,BA0000750:The Stock Market:1; BA0014832:Zip Water:1,,01043466; 01046202; 01046205; 01048498,Token CHILLED SPARKLING has multiple plausible vendors from existing StockItem evidence.
COMBI,\bCOMBI\b,description-token,AMBIGUOUS,BA0000784,Miele,4,BA0000784:Miele:50; BA0000001:BSH Home Appliances:11,,DGC7880CTS; DGC7580; DGC7860AMGRG; DGC7880GRG,Token COMBI has multiple plausible vendors from existing StockItem evidence.
COMBI STEAM,\bCOMBI[\\s-]+STEAM\b,description-token,AMBIGUOUS,BA0000784,Miele,4,BA0000784:Miele:52; BA0000001:BSH Home Appliances:17; BA0001908:BSH HOME APPLIANCES:1; BA0000773:Fisher & Paykel:1,,DGC7880CTS; DGC7580; DGC7860AMGRG; DGC7880GRG,Token COMBI STEAM has multiple plausible vendors from existing StockItem evidence.
COMMERCIAL,\bCOMMERCIAL\b,active-vendor-alias,AMBIGUOUS,BA0000003,Whirlpool Corporation,4,"BA0000003:Whirlpool Corporation:46; BA0000772:Summit Appliance / Felix Storch, INC:9; BA0009091:Whirlpool - 4002081576 - MQ - MLD - UTAH/IDAHO BUILDERS:5; BA0006987:KATOM RESTAURANT SUPPLY:3; BA0009080:Whirlpool - 4001335559 ARRIVE HOMES:3; BA0000787:Mode Distributing LLC:2",BA0005784:Commercial Tire,01043466; 01046202; 01046205; 01048498,Token COMMERCIAL has multiple plausible vendors from existing StockItem evidence.
DECORATIVE,\bDECORATIVE\b,active-vendor-alias,AMBIGUOUS,BA0000006,California Faucets,4,"BA0000006:California Faucets:10; BA0000733:Jaclo:8; BA0000007:Rohl, LLC:6; BA0000727:Graff Faucets Co.:4; BA0000739:Mountain Plumbing Products:4; BA0000714:Delta Faucet Company:3",BA0000713:Decorative Plumbing Distributors,QDB4PPS; QDB4PSB; RQD52PPS; RQD52PSB,Token DECORATIVE has multiple plausible vendors from existing StockItem evidence.
DESIGN,\bDESIGN\b,active-vendor-alias,AMBIGUOUS,BA0014832,Zip Water,4,BA0014832:Zip Water:1; BA0000725:Geberit:1; BA0000784:Miele:1; BA0000682:Richelieu Hardware LTD:1,BA0000333:J2 Design; BA0000754:Trim By Design; BA0001372:Design West Carpets & Interiors; BA0001567:JB Design; BA0002752:H&H Design; BA0003435:Modern Design Build; BA0009005:DH Design Studio,01041881; K-77967-2MB; K-T14429-4-BN; RA051-44,Token DESIGN has multiple plausible vendors from existing StockItem evidence.
DROP,\bDROP\b,description-token,AMBIGUOUS,BA0000008,"Waterworks Operating Co., LLC",4,"BA0000008:Waterworks Operating Co., LLC:11; BA0008642:BOCCHI - Sanikey USA Inc.:5; BA0000649:Classic Brass:4; BA0000717:Duravit:3; BA0000700:Water Street Brass:3; BA0000733:Jaclo:3",,B016AB; K-1848-0; K-25834-0; UNLV22-BWHI,Token DROP has multiple plausible vendors from existing StockItem evidence.
FRAMED,\bFRAMED\b,description-token,AMBIGUOUS,BA0000002,Roth Living,4,BA0000002:Roth Living:9; BA0000784:Miele:4; BA0000696:Turnstyle Designs LTD:2; BA0000773:Fisher & Paykel:2; BA0000001:BSH Home Appliances:1; BA0000003:Whirlpool Corporation:1,,K-31364-BGL; K-31364-BNL; K-31373-BNL; K-35570-BNL,Token FRAMED has multiple plausible vendors from existing StockItem evidence.
INDUSTRIAL,\bINDUSTRIAL\b,active-vendor-alias,AMBIGUOUS,BA0000759,"Waterstone, LLC",4,"BA0000759:Waterstone, LLC:25; BA0000006:California Faucets:17; BA0000008:Waterworks Operating Co., LLC:14",BA0012114:Industrial Battery Supply,FV203/J1.0-UPB; HLR048-ULB; V702-TLK-BG; V7KALL17-3LL-BG,Token INDUSTRIAL has multiple plausible vendors from existing StockItem evidence.
METRO,\bMETRO\b,active-vendor-alias,AMBIGUOUS,BA0000645,Berenson Corp.,4,"BA0000645:Berenson Corp.:15; BA0000009:Rocky Mountain Hardware, Inc.:10; BA0000730:Hydro Systems Inc.:6; BA0000006:California Faucets:1; BA0021587:Energy Distribution Systems (EDS):1; BA0000641:Ashley Norton Inc.:1","BA0022856:Metro Porcelain and Fiberglass Repair, LLC",2540-1410-52; 2540-1410-56; 2540-1570-52; 2540-1570-56,Token METRO has multiple plausible vendors from existing StockItem evidence.
METROPOLE,\bMETROPOLE\b,description-token,AMBIGUOUS,BA0000714,Delta Faucet Company,4,BA0000714:Delta Faucet Company:5; BA0000743:Newport/Brasstech:4,,1200-5103-10; 1200-5103-15; 1200-5503-15; 1200-5623-15,Token METROPOLE has multiple plausible vendors from existing StockItem evidence.
MIDNIGHT,\bMIDNIGHT\b,description-token,AMBIGUOUS,BA0000666,Hardware Renaissance,4,"BA0000666:Hardware Renaissance:9; BA0000714:Delta Faucet Company:7; BA0000787:Mode Distributing LLC:7; BA0000536:Southwest Plumbing Supply:5; BA0001331:Bridgeport Worldwide, LLC:3; BA0000003:Whirlpool Corporation:3",,3013-30; 3213-30; 328-30; 3-3231-30,Token MIDNIGHT has multiple plausible vendors from existing StockItem evidence.
SPARKLING,\bSPARKLING\b,description-token,AMBIGUOUS,BA0014832,Zip Water,4,"BA0014832:Zip Water:9; BA0000007:Rohl, LLC:1; BA0000750:The Stock Market:1; BA0000785:MILESTONE DISTRIBUTORS:1",,01043466; 01046202; 01046205; 01048498,Token SPARKLING has multiple plausible vendors from existing StockItem evidence.
SPARKLING FOR,\bSPARKLING[\\s-]+FOR\b,description-token,AMBIGUOUS,BA0014832,Zip Water,4,BA0014832:Zip Water:4; BA0000785:MILESTONE DISTRIBUTORS:1,,01043466; 01046202; 01046205; 01048498,Token SPARKLING FOR has multiple plausible vendors from existing StockItem evidence.
STEAM,\bSTEAM\b,description-token,AMBIGUOUS,BA0000753,Atmos Project LLC DBA Mr. Steam,4,"BA0000753:Atmos Project LLC DBA Mr. Steam:43; BA0000784:Miele:12; BA0000804:Arrow Industries:6; BA0000008:Waterworks Operating Co., LLC:3",,DGC7880CTS; DGC7580; DGC7860AMGRG; DGC7880GRG,Token STEAM has multiple plausible vendors from existing StockItem evidence.
VINTAGE,\bVINTAGE\b,active-vendor-alias,AMBIGUOUS,BA0000008,"Waterworks Operating Co., LLC",4,"BA0000008:Waterworks Operating Co., LLC:43; BA0000643:Baldwin Hardware:5",BA0009766:Vintage Restaurant,07-97400-67866; 38-1EX4-L-EV4-VB; 38-3.91T-EV4-VB; BTB010-VTB,Token VINTAGE has multiple plausible vendors from existing StockItem evidence.
WARMER,\bWARMER\b,description-token,AMBIGUOUS,BA0000703,Amba Towel Warmers,4,"BA0000703:Amba Towel Warmers:15; BA0000757:Vogue USA:11; BA0000008:Waterworks Operating Co., LLC:10; BA0000670:Kartners Bathroom Accessories:6; BA0000002:Roth Living:3; BA0021299:Ico Bath:3",,EVW201-DB; S2932SB.2; TUS-0920600-BN; W0013.GM,Token WARMER has multiple plausible vendors from existing StockItem evidence.
BROOKLYN,\bBROOKLYN\b,description-token,BUSINESS_RULE_APPROVAL,BA0000760,Watermark,4,BA0000760:Watermark:32,,31-7.3PG2-BKA1-APB; 31-HAF-UPB; 31-HSHK3-UPB; 31-T20-BK-UPB,"Existing vendor-populated StockItems consistently map BROOKLYN to BA0000760 in 32/32, but the vendor name does not directly contain the token; approve as brand/distributor rule before automation."
CORSANO,\bCORSANO\b,description-token,BUSINESS_RULE_APPROVAL,BA0000006,California Faucets,4,BA0000006:California Faucets:56,,K51-100SQ-ST-SBZ; K51-101SQ-ST-ANF; K51-103-ST-BNU; K51-103-ST-GRP,"Existing vendor-populated StockItems consistently map CORSANO to BA0000006 in 56/56, but the vendor name does not directly contain the token; approve as brand/distributor rule before automation."
DUSTRIE,\bDUSTRIE\b,description-token,BUSINESS_RULE_APPROVAL,BA0016237,Phylrich,4,BA0016237:Phylrich:13,,371-12-10/047; 371-74/047; 371-75/047; 371-76/047,"Existing vendor-populated StockItems consistently map DUSTRIE to BA0016237 in 13/13, but the vendor name does not directly contain the token; approve as brand/distributor rule before automation."
HIGHGATE,\bHIGHGATE\b,description-token,BUSINESS_RULE_APPROVAL,BA0000008,"Waterworks Operating Co., LLC",4,"BA0000008:Waterworks Operating Co., LLC:52",,HGHS01-18B; HGVC40-B; HGXT40-18N; HGXT60-18B,"Existing vendor-populated StockItems consistently map HIGHGATE to BA0000008 in 52/52, but the vendor name does not directly contain the token; approve as brand/distributor rule before automation."
JALAMA,\bJALAMA\b,description-token,BUSINESS_RULE_APPROVAL,BA0000006,California Faucets,4,BA0000006:California Faucets:47,,3902MH-BNU; TO-TH2L-39H-BBU; TO-TH2L-39H-GRP; TO-V3902H-9-GRP,"Existing vendor-populated StockItems consistently map JALAMA to BA0000006 in 47/47, but the vendor name does not directly contain the token; approve as brand/distributor rule before automation."
JULIA,\bJULIA\b,description-token,BUSINESS_RULE_APPROVAL,BA0000008,"Waterworks Operating Co., LLC",4,"BA0000008:Waterworks Operating Co., LLC:23",,JUHS11-18N; JUKM09-18B; JUTH59-N; JUVC34-N,"Existing vendor-populated StockItems consistently map JULIA to BA0000008 in 23/23, but the vendor name does not directly contain the token; approve as brand/distributor rule before automation."
STREET STYLETHERM,\bSTREET[\\s-]+STYLETHERM\b,description-token,BUSINESS_RULE_APPROVAL,BA0000006,California Faucets,4,BA0000006:California Faucets:4,,TO-TH2L-52K-CB; TO-TH2L-53K-ANF; TO-THC1L-52-ANF; TO-THC2L-52-ANF,"Existing vendor-populated StockItems consistently map STREET STYLETHERM to BA0000006 in 4/4, but the vendor name does not directly contain the token; approve as brand/distributor rule before automation."
URBAN,\bURBAN\b,description-token,BUSINESS_RULE_APPROVAL,BA0000011,"Emtek Products Group, LLC",4,"BA0000011:Emtek Products Group, LLC:57",,N7637K-RH-URM; N7648K-URM; N7698K-6-URM; N7767K-URM,"Existing vendor-populated StockItems consistently map URBAN to BA0000011 in 57/57, but the vendor name does not directly contain the token; approve as brand/distributor rule before automation."
XXL COMBI,\bXXL[\\s-]+COMBI\b,description-token,BUSINESS_RULE_APPROVAL,BA0000784,Miele,4,BA0000784:Miele:15,,DGC7880CTS; DGC7580; DGC7860AMGRG; DGC7880GRG,"Existing vendor-populated StockItems consistently map XXL COMBI to BA0000784 in 15/15, but the vendor name does not directly contain the token; approve as brand/distributor rule before automation."
12005,^12005,inventory-prefix,NO_MATCH,,,4,,,1200-5103-10; 1200-5103-15; 1200-5503-15; 1200-5623-15,No active vendor alias or consistent existing StockItem vendor evidence matched 12005.
2540,^2540,inventory-prefix,NO_MATCH,,,4,BA0000743:Newport/Brasstech:2,,2540-1410-52; 2540-1410-56; 2540-1570-52; 2540-1570-56,No active vendor alias or consistent existing StockItem vendor evidence matched 2540.
25401,^25401,inventory-prefix,NO_MATCH,,,4,,,2540-1410-52; 2540-1410-56; 2540-1570-52; 2540-1570-56,No active vendor alias or consistent existing StockItem vendor evidence matched 25401.
32301,^32301,inventory-prefix,NO_MATCH,,,4,,,3230-1410-26; 3230-1510-26; 3230-1530-03N; 3230-1530-24A,No active vendor alias or consistent existing StockItem vendor evidence matched 32301.
53P6,^53P6,inventory-prefix,NO_MATCH,,,4,"BA0010852:Fantini USA, Inc:2",,53P6R043U; 53P6R107WU; 53P6R119BU; 53P6R891BU,No active vendor alias or consistent existing StockItem vendor evidence matched 53P6.
53P6R,^53P6R,inventory-prefix,NO_MATCH,,,4,"BA0010852:Fantini USA, Inc:2",,53P6R043U; 53P6R107WU; 53P6R119BU; 53P6R891BU,No active vendor alias or consistent existing StockItem vendor evidence matched 53P6R.
8695,^8695,inventory-prefix,NO_MATCH,,,4,"BA0010852:Fantini USA, Inc:1",,86958145; 86958146U; 86958147U; 86959236U,No active vendor alias or consistent existing StockItem vendor evidence matched 8695.
8901,^8901,inventory-prefix,NO_MATCH,,,4,,,890-1250-15S; 890-1410-15S; 890-1510-15S; 890-1660-15S,No active vendor alias or consistent existing StockItem vendor evidence matched 8901.
93P6,^93P6,inventory-prefix,NO_MATCH,,,4,,,93P6H806; 93P6H807; 93P6H808; 93P6H845,No active vendor alias or consistent existing StockItem vendor evidence matched 93P6.
93P6H,^93P6H,inventory-prefix,NO_MATCH,,,4,,,93P6H806; 93P6H807; 93P6H808; 93P6H845,No active vendor alias or consistent existing StockItem vendor evidence matched 93P6H.
ARCA,\bARCA\b,description-token,NO_MATCH,,,4,BA0000784:Miele:1,,AARD08BN; AAS01BK; TAA23BK; TAA51BN,No active vendor alias or consistent existing StockItem vendor evidence matched ARCA.
BOILING CHILLED,\bBOILING[\\s-]+CHILLED\b,description-token,NO_MATCH,,,4,,,01043466; 01046202; 01046205; 01048498,No active vendor alias or consistent existing StockItem vendor evidence matched BOILING CHILLED.
DGC,^DGC,inventory-prefix,NO_MATCH,,,4,BA0000784:Miele:2,,DGC7880CTS; DGC7580; DGC7860AMGRG; DGC7880GRG,No active vendor alias or consistent existing StockItem vendor evidence matched DGC.
DGC7,^DGC7,inventory-prefix,NO_MATCH,,,4,BA0000784:Miele:2,,DGC7880CTS; DGC7580; DGC7860AMGRG; DGC7880GRG,No active vendor alias or consistent existing StockItem vendor evidence matched DGC7.
FOR V135,\bFOR[\\s-]+V135\b,description-token,NO_MATCH,,,4,BA0013229:Earth Elements LLC:1,,T2002-TCBA-OBM; V702-TLK-BG; V702-TLK-CTB; V702-TLL-ANT,No active vendor alias or consistent existing StockItem vendor evidence matched FOR V135.
HAVENRIDGE,\bHAVENRIDGE\b,description-token,NO_MATCH,,,4,BA0000676:The Lovell Company:1,,016-HV0D; BPH-SP0D; BRH-SP0D; LG89-8HVD,No active vendor alias or consistent existing StockItem vendor evidence matched HAVENRIDGE.
K359,^K359,inventory-prefix,NO_MATCH,,,4,,,K-35908-4K-SN; K-35926-BN; K-35927-BN; K-35929-BN,No active vendor alias or consistent existing StockItem vendor evidence matched K359.
K511,^K511,inventory-prefix,NO_MATCH,,,4,,,K51-100SQ-ST-SBZ; K51-101SQ-ST-ANF; K51-103-ST-BNU; K51-103-ST-GRP,No active vendor alias or consistent existing StockItem vendor evidence matched K511.
K5110,^K5110,inventory-prefix,NO_MATCH,,,4,,,K51-100SQ-ST-SBZ; K51-101SQ-ST-ANF; K51-103-ST-BNU; K51-103-ST-GRP,No active vendor alias or consistent existing StockItem vendor evidence matched K5110.
KT14,^KT14,inventory-prefix,NO_MATCH,,,4,,,K-T14414-4-BN; K-T14428-4-BN; K-T14429-4-BN; K-T14501-4-BN,No active vendor alias or consistent existing StockItem vendor evidence matched KT14.
PFISTER HAVENRIDGE,\bPFISTER[\\s-]+HAVENRIDGE\b,description-token,NO_MATCH,,,4,BA0000676:The Lovell Company:1,,016-HV0D; BPH-SP0D; BRH-SP0D; LG89-8HVD,No active vendor alias or consistent existing StockItem vendor evidence matched PFISTER HAVENRIDGE.
TOV5,^TOV5,inventory-prefix,NO_MATCH,,,4,,,TO-V5201-7-SBZ; TO-V5202-9-ANF; TO-V5302-9-ANF; TO-V5302K-9-ANF,No active vendor alias or consistent existing StockItem vendor evidence matched TOV5.
V135,\bV135\b,description-token,NO_MATCH,,,4,BA0013229:Earth Elements LLC:2,,T2002-TCBA-OBM; V702-TLK-BG; V702-TLK-CTB; V702-TLL-ANT,No active vendor alias or consistent existing StockItem vendor evidence matched V135.
7023,^7023,inventory-prefix,AMBIGUOUS,BA0000002,Roth Living,3,BA0000002:Roth Living:9; BA0000748:Santec:2; BA0000678:Nostalgic Warehouse:1; BA0021815:Roth - ***Premium Platinum 2026***:1,,702305-B; 702305-BB; 702305-N,Token 7023 has multiple plausible vendors from existing StockItem evidence.
ACRYLIC,\bACRYLIC\b,description-token,AMBIGUOUS,BA0000686,Schaub & Company,3,"BA0000686:Schaub & Company:20; BA0000708:Barclay Products:19; BA0011479:WESTBRASS:9; BA0000717:Duravit:7; BA0000012:Alno, Inc.:7; BA0000799:Viking Range-M, LLC:3",,S209A1; SYD6636ATO-WHI-RH; TUBINSULATION,Token ACRYLIC has multiple plausible vendors from existing StockItem evidence.
ADJUSTABLE,\bADJUSTABLE\b,description-token,AMBIGUOUS,BA0000008,"Waterworks Operating Co., LLC",3,"BA0000008:Waterworks Operating Co., LLC:23; BA0000686:Schaub & Company:14; BA0001129:GESSI North America:4; BA0000654:The Delaney Hardware Co.:2; BA0000708:Barclay Products:2; BA0000714:Delta Faucet Company:2",,86958147U; K-975-BN; V779-BH-ABM,Token ADJUSTABLE has multiple plausible vendors from existing StockItem evidence.
ARTIFACTS,\bARTIFACTS\b,description-token,AMBIGUOUS,BA0000749,Standard Plumbing Supply,3,BA0000749:Standard Plumbing Supply:59; BA0011918:Keller Supply Company:7; BA0000750:The Stock Market:7; BA0003290:Hajoca Corporation:1,,K-20027-0; K-21000-W-0; K-7159-BV,Token ARTIFACTS has multiple plausible vendors from existing StockItem evidence.
ANELLO,\bANELLO\b,description-token,BUSINESS_RULE_APPROVAL,BA0001129,GESSI North America,3,BA0001129:GESSI North America:51,,63331#149; 63335#149; 63361#707,"Existing vendor-populated StockItems consistently map ANELLO to BA0001129 in 51/51, but the vendor name does not directly contain the token; approve as brand/distributor rule before automation."
2271,^2271,inventory-prefix,NO_MATCH,,,3,,,22-7.1.3GA-TICV-AB; 22-7.1.3G-TICV-AB; 22-7.1.3PG2-TICV-AB,No active vendor alias or consistent existing StockItem vendor evidence matched 2271.
22713,^22713,inventory-prefix,NO_MATCH,,,3,,,22-7.1.3GA-TICV-AB; 22-7.1.3G-TICV-AB; 22-7.1.3PG2-TICV-AB,No active vendor alias or consistent existing StockItem vendor evidence matched 22713.
3717,^3717,inventory-prefix,NO_MATCH,,,3,BA0000649:Classic Brass:2,,371-74/047; 371-75/047; 371-76/047,No active vendor alias or consistent existing StockItem vendor evidence matched 3717.
5395,^5395,inventory-prefix,NO_MATCH,,,3,,,5395R080BU; 5395R107WU; 5395R891BU,No active vendor alias or consistent existing StockItem vendor evidence matched 5395.
5395R,^5395R,inventory-prefix,NO_MATCH,,,3,,,5395R080BU; 5395R107WU; 5395R891BU,No active vendor alias or consistent existing StockItem vendor evidence matched 5395R.
70230,^70230,inventory-prefix,NO_MATCH,,,3,,,702305-B; 702305-BB; 702305-N,No active vendor alias or consistent existing StockItem vendor evidence matched 70230.
86958,^86958,inventory-prefix,NO_MATCH,,,3,"BA0010852:Fantini USA, Inc:1",,86958145; 86958146U; 86958147U,No active vendor alias or consistent existing StockItem vendor evidence matched 86958.